region,growth_recent_pct,growth_long_pct,proj_recent,proj_long,actual_2022,err_recent_pct,err_long_pct,inside_range
Al Bahah,2.37,2.47,249989.63,250946.17,251288,-0.52,-0.14,False
Al Jawf,2.09,2.24,440596.66,443176.76,440264,0.08,0.66,False
Al Madinah Al Munawwarah,2.28,2.43,1348221.62,1355977.51,1352146,-0.29,0.28,True
Al Qaseem,2.29,2.44,922466.63,927963.18,926490,-0.43,0.16,True
Ar Riyadh,2.35,2.52,4424415.4,4453714.56,4439210,-0.33,0.33,True
Aseer,2.29,2.42,1439091.22,1446120.95,1444688,-0.39,0.1,True
Eastern Region,2.36,2.51,2943322.46,2961510.9,2949854,-0.22,0.4,True
Hail,2.27,2.42,526392.37,529421.25,527885,-0.28,0.29,True
Jazan,2.31,2.44,998739.48,1004099.99,1002779,-0.4,0.13,True
Makkah Al Mukarramah,2.4,2.55,4137435.5,4160853.11,4153723,-0.39,0.17,True
Najran,2.17,2.32,394899.99,397211.13,394976,-0.02,0.57,True
Northern Borders,2.16,2.31,271185.38,272796.09,271358,-0.06,0.53,True
Tabuk,2.2,2.36,636184.54,640194.82,637601,-0.22,0.41,True
