region,saudi_2022,rate_2016_pct,rate_low_pct,rate_high_pct
Al Bahah,251288,1.304,1.304,2.309
Al Jawf,440264,3.786,3.786,6.704
Al Madinah Al Munawwarah,1352146,2.736,2.736,4.845
Al Qaseem,926490,2.045,2.045,3.621
Ar Riyadh,4439210,3.437,3.437,6.086
Aseer,1444688,3.641,3.641,6.447
Eastern Region,2949854,3.506,3.506,6.208
Hail,527885,2.088,2.088,3.697
Jazan,1002779,3.081,3.081,5.455
Makkah Al Mukarramah,4153723,3.785,3.785,6.702
Najran,394976,2.898,2.898,5.131
Northern Borders,271358,1.339,1.339,2.371
Tabuk,637601,4.308,4.308,7.628
