region,growth_recent_pct,growth_long_pct,proj_recent,proj_long,pop_2026_low,pop_2026_high,pop_2026_mid
Al Bahah,2.36,2.48,275832.66,277190.94,275833.0,277191.0,276512.0
Al Jawf,1.9,2.19,474759.94,480059.9,474760.0,480060.0,477410.0
Al Madinah Al Munawwarah,2.19,2.41,1474790.03,1487012.46,1474790.0,1487012.0,1480901.0
Al Qaseem,2.24,2.43,1012376.27,1019883.19,1012376.0,1019883.0,1016130.0
Ar Riyadh,2.26,2.49,4854410.44,4897916.81,4854410.0,4897917.0,4876164.0
Aseer,2.23,2.41,1578064.14,1588915.04,1578064.0,1588915.0,1583490.0
Eastern Region,2.23,2.48,3222482.29,3253649.65,3222482.0,3253650.0,3238066.0
Hail,2.18,2.4,575353.04,580312.71,575353.0,580313.0,577833.0
Jazan,2.25,2.43,1095950.94,1103959.14,1095951.0,1103959.0,1099955.0
Makkah Al Mukarramah,2.33,2.53,4554564.19,4590557.79,4554564.0,4590558.0,4572561.0
Najran,2.01,2.28,427748.42,432176.68,427748.0,432177.0,429962.0
Northern Borders,2.02,2.27,293939.83,296800.82,293940.0,296801.0,295370.0
Tabuk,2.1,2.33,692762.83,699031.69,692763.0,699032.0,695898.0
