region,pop_2026_low,pop_2026_mid,pop_2026_high,rate_low_pct,rate_high_pct,pwd_2026_low,pwd_2026_high,pwd_2026_mid,pwd_per_100k_mid,share_of_national_pct,rank_total,rank_per_100k
Makkah Al Mukarramah,4554564.0,4572561.0,4590558.0,3.785,6.702,172390.0,307659.0,240024.0,5249.0,25.2,1,3
Ar Riyadh,4854410.0,4876164.0,4897917.0,3.437,6.086,166846.0,298087.0,232466.0,4767.0,24.4,2,6
Eastern Region,3222482.0,3238066.0,3253650.0,3.506,6.208,112980.0,201987.0,157484.0,4864.0,16.5,3,5
Aseer,1578064.0,1583490.0,1588915.0,3.641,6.447,57457.0,102437.0,79947.0,5049.0,8.4,4,4
Al Madinah Al Munawwarah,1474790.0,1480901.0,1487012.0,2.736,4.845,40350.0,72046.0,56198.0,3795.0,5.9,5,9
Jazan,1095951.0,1099955.0,1103959.0,3.081,5.455,33766.0,60221.0,46994.0,4272.0,4.9,6,7
Tabuk,692763.0,695898.0,699032.0,4.308,7.628,29844.0,53322.0,41583.0,5975.0,4.4,7,1
Al Qaseem,1012376.0,1016130.0,1019883.0,2.045,3.621,20703.0,36930.0,28816.0,2836.0,3.0,8,11
Al Jawf,474760.0,477410.0,480060.0,3.786,6.704,17974.0,32183.0,25078.0,5253.0,2.6,9,2
Najran,427748.0,429962.0,432177.0,2.898,5.131,12396.0,22175.0,17286.0,4020.0,1.8,10,8
Hail,575353.0,577833.0,580313.0,2.088,3.697,12013.0,21454.0,16734.0,2896.0,1.8,11,10
Northern Borders,293940.0,295370.0,296801.0,1.339,2.371,3936.0,7037.0,5486.0,1857.0,0.6,12,12
Al Bahah,275833.0,276512.0,277191.0,1.304,2.309,3597.0,6400.0,4998.0,1808.0,0.5,13,13
