region,disability_type,share_severe_extreme_pct,share_all_levels_pct,pwd_2026_mid,people_mid,people_mid_all_levels,index,index_all_levels
Al Bahah,Eyesight,29.38,30.51,4998.0,1468.0,1525.0,0.98,0.89
Al Bahah,Hearing,7.72,6.05,4998.0,386.0,302.0,0.6,0.51
Al Bahah,Memory,7.72,6.79,4998.0,386.0,339.0,1.79,1.89
Al Bahah,Mobility,42.4,39.85,4998.0,2119.0,1992.0,0.98,1.02
Al Bahah,Self-care,0.0,0.0,4998.0,0.0,0.0,0.0,0.0
Al Bahah,Speech & communication,12.77,16.8,4998.0,638.0,840.0,1.42,1.72
Al Jawf,Eyesight,29.97,34.23,25078.0,7516.0,8584.0,1.0,1.0
Al Jawf,Hearing,12.84,11.8,25078.0,3220.0,2959.0,0.99,1.0
Al Jawf,Memory,4.33,3.6,25078.0,1086.0,903.0,1.0,1.0
Al Jawf,Mobility,43.16,39.33,25078.0,10824.0,9863.0,1.0,1.0
Al Jawf,Self-care,0.71,1.37,25078.0,178.0,344.0,1.04,1.0
Al Jawf,Speech & communication,8.99,9.66,25078.0,2255.0,2423.0,1.0,0.99
Al Madinah Al Munawwarah,Eyesight,31.35,40.82,56198.0,17618.0,22940.0,1.05,1.19
Al Madinah Al Munawwarah,Hearing,13.58,11.62,56198.0,7632.0,6530.0,1.05,0.98
Al Madinah Al Munawwarah,Memory,2.27,1.81,56198.0,1276.0,1017.0,0.53,0.5
Al Madinah Al Munawwarah,Mobility,47.45,40.21,56198.0,26666.0,22597.0,1.1,1.03
Al Madinah Al Munawwarah,Self-care,0.0,0.73,56198.0,0.0,410.0,0.0,0.53
Al Madinah Al Munawwarah,Speech & communication,5.34,4.8,56198.0,3001.0,2698.0,0.6,0.49
Al Qaseem,Eyesight,24.84,27.16,28816.0,7158.0,7826.0,0.83,0.79
Al Qaseem,Hearing,8.05,8.81,28816.0,2320.0,2539.0,0.62,0.74
Al Qaseem,Memory,2.24,3.54,28816.0,645.0,1020.0,0.52,0.99
Al Qaseem,Mobility,46.71,42.27,28816.0,13460.0,12181.0,1.08,1.08
Al Qaseem,Self-care,0.0,0.71,28816.0,0.0,205.0,0.0,0.52
Al Qaseem,Speech & communication,18.16,17.52,28816.0,5233.0,5049.0,2.03,1.79
Ar Riyadh,Eyesight,24.46,29.66,232466.0,56861.0,68949.0,0.82,0.87
Ar Riyadh,Hearing,14.13,12.19,232466.0,32847.0,28338.0,1.09,1.03
Ar Riyadh,Memory,4.4,3.64,232466.0,10229.0,8462.0,1.02,1.01
Ar Riyadh,Mobility,45.86,39.99,232466.0,106609.0,92963.0,1.06,1.02
Ar Riyadh,Self-care,0.52,2.25,232466.0,1209.0,5230.0,0.76,1.65
Ar Riyadh,Speech & communication,10.63,12.27,232466.0,24711.0,28524.0,1.19,1.26
Aseer,Eyesight,32.79,35.43,79947.0,26215.0,28325.0,1.1,1.04
Aseer,Hearing,10.12,10.56,79947.0,8091.0,8442.0,0.78,0.89
Aseer,Memory,6.19,4.13,79947.0,4949.0,3302.0,1.43,1.15
Aseer,Mobility,40.83,36.98,79947.0,32642.0,29564.0,0.95,0.94
Aseer,Self-care,1.13,1.29,79947.0,903.0,1031.0,1.66,0.94
Aseer,Speech & communication,8.95,11.62,79947.0,7155.0,9290.0,1.0,1.19
Eastern Region,Eyesight,33.87,37.4,157484.0,53340.0,58899.0,1.13,1.09
Eastern Region,Hearing,12.98,12.28,157484.0,20441.0,19339.0,1.0,1.04
Eastern Region,Memory,5.04,4.71,157484.0,7937.0,7417.0,1.17,1.31
Eastern Region,Mobility,41.97,39.61,157484.0,66096.0,62379.0,0.97,1.01
Eastern Region,Self-care,0.0,0.0,157484.0,0.0,0.0,0.0,0.0
Eastern Region,Speech & communication,6.14,6.0,157484.0,9670.0,9449.0,0.68,0.61
Hail,Eyesight,39.01,37.84,16734.0,6528.0,6332.0,1.31,1.11
Hail,Hearing,11.84,12.7,16734.0,1981.0,2125.0,0.91,1.07
Hail,Memory,3.02,3.48,16734.0,505.0,582.0,0.7,0.97
Hail,Mobility,30.52,33.8,16734.0,5107.0,5656.0,0.71,0.86
Hail,Self-care,0.0,0.34,16734.0,0.0,57.0,0.0,0.25
Hail,Speech & communication,15.61,11.85,16734.0,2612.0,1983.0,1.74,1.21
Jazan,Eyesight,26.57,33.11,46994.0,12486.0,15560.0,0.89,0.97
Jazan,Hearing,13.03,12.48,46994.0,6123.0,5865.0,1.01,1.05
Jazan,Memory,5.87,4.63,46994.0,2759.0,2176.0,1.36,1.29
Jazan,Mobility,48.03,40.31,46994.0,22571.0,18943.0,1.11,1.03
Jazan,Self-care,0.0,1.39,46994.0,0.0,653.0,0.0,1.02
Jazan,Speech & communication,6.5,8.09,46994.0,3055.0,3802.0,0.73,0.83
Makkah Al Mukarramah,Eyesight,32.87,37.29,240024.0,78896.0,89505.0,1.1,1.09
Makkah Al Mukarramah,Hearing,13.73,11.89,240024.0,32955.0,28539.0,1.06,1.0
Makkah Al Mukarramah,Memory,3.87,3.06,240024.0,9289.0,7345.0,0.9,0.85
Makkah Al Mukarramah,Mobility,40.18,37.33,240024.0,96442.0,89601.0,0.93,0.95
Makkah Al Mukarramah,Self-care,1.08,1.31,240024.0,2592.0,3144.0,1.59,0.96
Makkah Al Mukarramah,Speech & communication,8.27,9.12,240024.0,19850.0,21890.0,0.92,0.93
Najran,Eyesight,25.67,29.31,17286.0,4437.0,5067.0,0.86,0.86
Najran,Hearing,8.71,9.9,17286.0,1506.0,1711.0,0.67,0.84
Najran,Memory,3.11,2.56,17286.0,538.0,443.0,0.72,0.71
Najran,Mobility,51.28,46.27,17286.0,8864.0,7998.0,1.19,1.18
Najran,Self-care,0.83,2.19,17286.0,143.0,379.0,1.22,1.6
Najran,Speech & communication,10.4,9.77,17286.0,1798.0,1689.0,1.16,1.0
Northern Borders,Eyesight,32.5,36.95,5486.0,1783.0,2027.0,1.09,1.08
Northern Borders,Hearing,7.66,8.63,5486.0,420.0,473.0,0.59,0.73
Northern Borders,Memory,0.54,0.36,5486.0,30.0,20.0,0.12,0.1
Northern Borders,Mobility,52.02,45.66,5486.0,2854.0,2505.0,1.2,1.16
Northern Borders,Self-care,1.12,1.98,5486.0,61.0,109.0,1.65,1.45
Northern Borders,Speech & communication,6.16,6.42,5486.0,338.0,352.0,0.69,0.66
Tabuk,Eyesight,25.28,25.55,41583.0,10512.0,10624.0,0.85,0.75
Tabuk,Hearing,13.23,13.72,41583.0,5501.0,5705.0,1.02,1.16
Tabuk,Memory,3.78,2.88,41583.0,1572.0,1198.0,0.87,0.8
Tabuk,Mobility,42.04,41.92,41583.0,17481.0,17432.0,0.97,1.07
Tabuk,Self-care,3.35,3.51,41583.0,1393.0,1460.0,4.93,2.57
Tabuk,Speech & communication,12.32,12.41,41583.0,5123.0,5160.0,1.37,1.27
