region,pwd_2026_mid,pwd_per_100k_mid,gap_avg,growth_pct,s_size,s_rate,s_gap,s_growth,score_volume,top3_count_volume,score_rate,top3_count_rate,rank_volume,rank_rate
Makkah Al Mukarramah,240024.0,5249.0,1.6125,10.083435992241174,1.0,0.8784937238493724,0.9938366718027735,1.0,0.998,4,0.949,4,1,2
Ar Riyadh,232466.0,4767.0,1.4925000000000002,9.843057661160426,0.9685114821851148,0.7978242677824268,0.9198767334360556,0.9761610693749918,0.951,4,0.882,0,2,4
Eastern Region,157484.0,4864.0,1.115,9.770381856186772,0.6561177215611772,0.8140585774058577,0.687211093990755,0.9689536249057081,0.731,3,0.794,0,3,5
Aseer,79947.0,5049.0,1.56,9.60774921643981,0.3330791920807919,0.8450209205020921,0.9614791987673343,0.952824932278304,0.708,1,0.913,4,4,3
Tabuk,41583.0,5975.0,1.6225,9.143178884600234,0.17324517548245175,1.0,1.0,0.90675231058496,0.651,0,0.981,4,5,1
Al Madinah Al Munawwarah,56198.0,3795.0,1.2225000000000001,9.522270524041044,0.2341349198413492,0.6351464435146443,0.75346687211094,0.9443477928920334,0.584,0,0.744,0,6,6
Al Bahah,4998.0,1808.0,1.4925000000000002,10.03788481742065,0.020822917708229177,0.3025941422594142,0.9198767334360556,0.9954825741091059,0.575,0,0.688,0,7,8
Hail,16734.0,2896.0,1.1425,9.461909317370253,0.06971802819718029,0.48468619246861927,0.7041602465331279,0.938361618465257,0.497,0,0.663,0,8,9
Jazan,46994.0,4272.0,0.885,9.690669629100723,0.19578875445788754,0.714979079497908,0.5454545454545454,0.9610483605546095,0.489,0,0.696,0,9,7
Al Qaseem,28816.0,2836.0,0.42250000000000004,9.675225852410719,0.12005466120054661,0.4746443514644351,0.26040061633281975,0.9595167619306992,0.344,0,0.486,0,10,12
Najran,17286.0,4020.0,0.5449999999999999,8.857753382484002,0.07201779822017798,0.6728033472803348,0.33590138674884434,0.8784459374066252,0.339,0,0.579,0,11,11
Al Jawf,25078.0,5253.0,0.4025,8.437210401032115,0.10448121854481218,0.879163179916318,0.24807395993836673,0.836739620058503,0.308,0,0.618,0,12,10
Northern Borders,5486.0,1857.0,0.10750000000000001,8.848827010812288,0.022856047728560477,0.31079497907949794,0.0662557781201849,0.877560686418908,0.211,0,0.326,0,13,13
