region,year,saudi,non_saudi,total
Al Bahah,2010,187219,75238,262457
Al Bahah,2011,191134,80820,271954
Al Bahah,2012,195599,85602,281201
Al Bahah,2013,200827,92585,293412
Al Bahah,2014,206792,93094,299886
Al Bahah,2015,212549,100009,312558
Al Bahah,2016,217713,104279,321992
Al Bahah,2017,222322,100457,322779
Al Bahah,2018,227599,90911,318510
Al Bahah,2019,233396,85861,319257
Al Bahah,2020,239895,91410,331305
Al Bahah,2021,245501,82332,327833
Al Bahah,2022,251288,87886,339174
Al Jawf,2010,339599,105073,444672
Al Jawf,2011,346085,115102,461187
Al Jawf,2012,353499,124319,477818
Al Jawf,2013,362102,137105,499207
Al Jawf,2014,372075,140555,512630
Al Jawf,2015,381457,153954,535411
Al Jawf,2016,389853,163674,553527
Al Jawf,2017,397228,160824,558052
Al Jawf,2018,405546,148459,554005
Al Jawf,2019,414341,143038,557379
Al Jawf,2020,424048,155398,579446
Al Jawf,2021,432039,142855,574894
Al Jawf,2022,440264,155558,595822
Al Madinah Al Munawwarah,2010,1016601,604882,1621483
Al Madinah Al Munawwarah,2011,1037556,651693,1689249
Al Madinah Al Munawwarah,2012,1061715,693513,1755228
Al Madinah Al Munawwarah,2013,1089763,754814,1844577
Al Madinah Al Munawwarah,2014,1122069,766550,1888619
Al Madinah Al Munawwarah,2015,1152683,828156,1980839
Al Madinah Al Munawwarah,2016,1180128,870531,2050659
Al Madinah Al Munawwarah,2017,1204341,849602,2053943
Al Madinah Al Munawwarah,2018,1231833,778051,2009884
Al Madinah Al Munawwarah,2019,1261628,743202,2004830
Al Madinah Al Munawwarah,2020,1294821,801253,2096074
Al Madinah Al Munawwarah,2021,1323113,730127,2053240
Al Madinah Al Munawwarah,2022,1352146,785837,2137983
Al Qaseem,2010,694563,340192,1034755
Al Qaseem,2011,708993,366388,1075381
Al Qaseem,2012,725612,389063,1114675
Al Qaseem,2013,744872,421864,1166736
Al Qaseem,2014,767117,425190,1192307
Al Qaseem,2015,788220,457868,1246088
Al Qaseem,2016,807053,478547,1285600
Al Qaseem,2017,823666,462170,1285836
Al Qaseem,2018,842541,419294,1261835
Al Qaseem,2019,863265,397004,1260269
Al Qaseem,2020,886335,423833,1310168
Al Qaseem,2021,906182,382850,1289032
Al Qaseem,2022,926490,409689,1336179
Ar Riyadh,2010,3305130,2918903,6224033
Ar Riyadh,2011,3376149,3175586,6551735
Ar Riyadh,2012,3458239,3409614,6867853
Ar Riyadh,2013,3553092,3741661,7294753
Ar Riyadh,2014,3662353,3827446,7489799
Ar Riyadh,2015,3765888,4167823,7933711
Ar Riyadh,2016,3858350,4412776,8271126
Ar Riyadh,2017,3939731,4335807,8275538
Ar Riyadh,2018,4032222,3998452,8030674
Ar Riyadh,2019,4132732,3846530,7979262
Ar Riyadh,2020,4245118,4177290,8422408
Ar Riyadh,2021,4341082,3834296,8175378
Ar Riyadh,2022,4439210,4152538,8591748
Aseer,2010,1085911,383930,1469841
Aseer,2011,1108194,420863,1529057
Aseer,2012,1133777,455121,1588898
Aseer,2013,1163522,502747,1666269
Aseer,2014,1197499,516265,1713764
Aseer,2015,1230126,566739,1796865
Aseer,2016,1259150,603906,1863056
Aseer,2017,1284979,594210,1879189
Aseer,2018,1314421,549269,1863690
Aseer,2019,1346378,529950,1876328
Aseer,2020,1382430,576247,1958677
Aseer,2021,1413144,530388,1943532
Aseer,2022,1444688,579597,2024285
Eastern Region,2010,2198314,1449596,3647910
Eastern Region,2011,2245170,1588249,3833419
Eastern Region,2012,2299455,1716377,4015832
Eastern Region,2013,2362331,1894616,4256947
Eastern Region,2014,2434902,1944992,4379894
Eastern Region,2015,2503812,2132483,4636295
Eastern Region,2016,2565462,2270102,4835564
Eastern Region,2017,2619725,2234065,4853790
Eastern Region,2018,2681465,2065149,4746614
Eastern Region,2019,2747955,1992280,4740235
Eastern Region,2020,2822193,2167134,4989327
Eastern Region,2021,2885380,1994582,4879962
Eastern Region,2022,2949854,2175400,5125254
Hail,2010,397348,131078,528426
Hail,2011,405527,145068,550595
Hail,2012,414907,158324,573231
Hail,2013,425836,176443,602279
Hail,2014,438429,182819,621248
Hail,2015,450344,202286,652630
Hail,2016,461046,217262,678308
Hail,2017,470430,215628,686058
Hail,2018,481125,200986,682111
Hail,2019,492755,195481,688236
Hail,2020,505682,214305,719987
Hail,2021,516643,198779,715422
Hail,2022,527885,218521,746406
Jazan,2010,751557,310938,1062495
Jazan,2011,767174,335068,1102242
Jazan,2012,785113,356529,1141642
Jazan,2013,805976,387919,1193895
Jazan,2014,829893,393831,1223724
Jazan,2015,852717,425175,1277892
Jazan,2016,873097,446583,1319680
Jazan,2017,891118,435796,1326914
Jazan,2018,911672,399006,1310678
Jazan,2019,934067,381050,1315117
Jazan,2020,959274,410867,1370141
Jazan,2021,980751,374348,1355099
Jazan,2022,1002779,402218,1404997
Makkah Al Mukarramah,2010,3077186,3273031,6350217
Makkah Al Mukarramah,2011,3143642,3496610,6640252
Makkah Al Mukarramah,2012,3220353,3689803,6910156
Makkah Al Mukarramah,2013,3309457,3982721,7292178
Makkah Al Mukarramah,2014,3411883,4016237,7428120
Makkah Al Mukarramah,2015,3509532,4298604,7808136
Makkah Al Mukarramah,2016,3597076,4479534,8076610
Makkah Al Mukarramah,2017,3674514,4345243,8019757
Makkah Al Mukarramah,2018,3762757,3952581,7715338
Makkah Al Mukarramah,2019,3858847,3748709,7607556
Makkah Al Mukarramah,2020,3966569,4015960,7982529
Makkah Al Mukarramah,2021,4059151,3633037,7692188
Makkah Al Mukarramah,2022,4153723,3867740,8021463
Najran,2010,301508,122323,423831
Najran,2011,307487,134774,442261
Najran,2012,314336,146466,460802
Najran,2013,322269,162607,484876
Najran,2014,331415,168105,499520
Najran,2015,340041,185160,525201
Najran,2016,347786,198172,545958
Najran,2017,354626,196546,551172
Najran,2018,362338,182982,545320
Najran,2019,370542,177695,548237
Najran,2020,379637,194707,574344
Najran,2021,387183,180350,567533
Najran,2022,394976,197324,592300
Northern Borders,2010,207384,62713,270097
Northern Borders,2011,211450,69281,280731
Northern Borders,2012,216161,75443,291604
Northern Borders,2013,221596,83871,305467
Northern Borders,2014,227856,86758,314614
Northern Borders,2015,233788,95687,329475
Northern Borders,2016,239060,102472,341532
Northern Borders,2017,243709,101638,345347
Northern Borders,2018,248972,94658,343630
Northern Borders,2019,254571,91954,346525
Northern Borders,2020,260800,100807,361607
Northern Borders,2021,265989,93422,359411
Northern Borders,2022,271358,102219,373577
Tabuk,2010,483844,154426,638270
Tabuk,2011,493568,170236,663804
Tabuk,2012,504780,185141,689921
Tabuk,2013,517758,205650,723408
Tabuk,2014,532753,212395,745148
Tabuk,2015,546914,234367,781281
Tabuk,2016,559538,251048,810586
Tabuk,2017,570591,248389,818980
Tabuk,2018,583145,230847,813992
Tabuk,2019,596694,223874,820568
Tabuk,2020,611785,244712,856497
Tabuk,2021,624511,226348,850859
Tabuk,2022,637601,248435,886036
