region,saudi_pop_2016,pwd_2016,rate_per_100k,rate_pct
Tabuk,710699,30617,4308.0,4.308
Al Jawf,373662,14146,3785.8,3.786
Makkah Al Mukarramah,4440571,168096,3785.5,3.785
Aseer,1719950,62624,3641.0,3.641
Eastern Region,3087687,108267,3506.4,3.506
Ar Riyadh,4579570,157409,3437.2,3.437
Jazan,1187284,36582,3081.1,3.081
Najran,430711,12483,2898.2,2.898
Al Madinah Al Munawwarah,1353102,37018,2735.8,2.736
Hail,529012,11044,2087.7,2.088
Al Qaseem,991032,20266,2044.9,2.045
Northern Borders,285486,3824,1339.5,1.339
Al Bahah,376204,4904,1303.5,1.304
