variant,region
Al Bahah,Al Bahah
Al-Bahah,Al Bahah
Al-Baha,Al Bahah
Al Jawf,Al Jawf
Al-Jouf,Al Jawf
Al Madinah Al Munawwarah,Al Madinah Al Munawwarah
Madinah,Al Madinah Al Munawwarah
Al-Madinah Al-Monawarah,Al Madinah Al Munawwarah
Al Qaseem,Al Qaseem
Al-Qassim,Al Qaseem
Qassim,Al Qaseem
Al-Qaseem,Al Qaseem
Ar Riyadh,Ar Riyadh
Riyadh,Ar Riyadh
Al-Riyadh,Ar Riyadh
Aseer,Aseer
Asir,Aseer
Eastern Region,Eastern Region
Hail,Hail
Jazan,Jazan
Jizan,Jazan
Makkah Al Mukarramah,Makkah Al Mukarramah
Makkah,Makkah Al Mukarramah
Makkah Al-Mukarramah,Makkah Al Mukarramah
Najran,Najran
Northern Borders,Northern Borders
Northern Border,Northern Borders
Tabuk,Tabuk
