region,disability_type,share_severe_extreme_pct,share_all_levels_pct
Al Bahah,Eyesight,29.38,30.51
Al Bahah,Hearing,7.72,6.05
Al Bahah,Memory,7.72,6.79
Al Bahah,Mobility,42.4,39.85
Al Bahah,Self-care,0.0,0.0
Al Bahah,Speech & communication,12.77,16.8
Al Jawf,Eyesight,29.97,34.23
Al Jawf,Hearing,12.84,11.8
Al Jawf,Memory,4.33,3.6
Al Jawf,Mobility,43.16,39.33
Al Jawf,Self-care,0.71,1.37
Al Jawf,Speech & communication,8.99,9.66
Al Madinah Al Munawwarah,Eyesight,31.35,40.82
Al Madinah Al Munawwarah,Hearing,13.58,11.62
Al Madinah Al Munawwarah,Memory,2.27,1.81
Al Madinah Al Munawwarah,Mobility,47.45,40.21
Al Madinah Al Munawwarah,Self-care,0.0,0.73
Al Madinah Al Munawwarah,Speech & communication,5.34,4.8
Al Qaseem,Eyesight,24.84,27.16
Al Qaseem,Hearing,8.05,8.81
Al Qaseem,Memory,2.24,3.54
Al Qaseem,Mobility,46.71,42.27
Al Qaseem,Self-care,0.0,0.71
Al Qaseem,Speech & communication,18.16,17.52
Ar Riyadh,Eyesight,24.46,29.66
Ar Riyadh,Hearing,14.13,12.19
Ar Riyadh,Memory,4.4,3.64
Ar Riyadh,Mobility,45.86,39.99
Ar Riyadh,Self-care,0.52,2.25
Ar Riyadh,Speech & communication,10.63,12.27
Aseer,Eyesight,32.79,35.43
Aseer,Hearing,10.12,10.56
Aseer,Memory,6.19,4.13
Aseer,Mobility,40.83,36.98
Aseer,Self-care,1.13,1.29
Aseer,Speech & communication,8.95,11.62
Eastern Region,Eyesight,33.87,37.4
Eastern Region,Hearing,12.98,12.28
Eastern Region,Memory,5.04,4.71
Eastern Region,Mobility,41.97,39.61
Eastern Region,Self-care,0.0,0.0
Eastern Region,Speech & communication,6.14,6.0
Hail,Eyesight,39.01,37.84
Hail,Hearing,11.84,12.7
Hail,Memory,3.02,3.48
Hail,Mobility,30.52,33.8
Hail,Self-care,0.0,0.34
Hail,Speech & communication,15.61,11.85
Jazan,Eyesight,26.57,33.11
Jazan,Hearing,13.03,12.48
Jazan,Memory,5.87,4.63
Jazan,Mobility,48.03,40.31
Jazan,Self-care,0.0,1.39
Jazan,Speech & communication,6.5,8.09
Makkah Al Mukarramah,Eyesight,32.87,37.29
Makkah Al Mukarramah,Hearing,13.73,11.89
Makkah Al Mukarramah,Memory,3.87,3.06
Makkah Al Mukarramah,Mobility,40.18,37.33
Makkah Al Mukarramah,Self-care,1.08,1.31
Makkah Al Mukarramah,Speech & communication,8.27,9.12
Najran,Eyesight,25.67,29.31
Najran,Hearing,8.71,9.9
Najran,Memory,3.11,2.56
Najran,Mobility,51.28,46.27
Najran,Self-care,0.83,2.19
Najran,Speech & communication,10.4,9.77
Northern Borders,Eyesight,32.5,36.95
Northern Borders,Hearing,7.66,8.63
Northern Borders,Memory,0.54,0.36
Northern Borders,Mobility,52.02,45.66
Northern Borders,Self-care,1.12,1.98
Northern Borders,Speech & communication,6.16,6.42
Tabuk,Eyesight,25.28,25.55
Tabuk,Hearing,13.23,13.72
Tabuk,Memory,3.78,2.88
Tabuk,Mobility,42.04,41.92
Tabuk,Self-care,3.35,3.51
Tabuk,Speech & communication,12.32,12.41
