region,saudi_2022,pop_2026_low,pop_2026_mid,pop_2026_high,rate_low_pct,rate_high_pct,pwd_2026_low,pwd_2026_mid,pwd_2026_high,pwd_per_100k_mid,share_of_national_pct,rank_total,rank_per_100k,people_mobility,people_eyesight,people_hearing,people_speech_comm,leans_toward,moh_rehab_hospitals,physical_medicine,physiotherapy,occupational_therapy,speech_therapy,prosthetics_orthotics,gap_index_occupational_therapy,gap_index_physiotherapy,gap_index_prosthetics_orthotics,gap_index_speech_therapy,services_with_no_moh_hospital,gap_avg,growth_pct,score_volume,rank_volume,score_rate,rank_rate,hospitals_all_2024,beds_per_10k_2024,phc_per_10k_2024,private_pharmacies_2024,data_note
Al Bahah,251288,275833.0,276512.0,277191.0,1.304,2.309,3597.0,4998.0,6400.0,1808.0,0.5,13,13,2119.0,1468.0,386.0,638.0,Speech & communication,8,4,8,3,0,0,0.12,0.15,,,2,1.4925000000000002,10.03788481742065,0.575,7,0.688,8,10.0,35.7,3.92,145,2016 survey population 73% above GASTAT revised estimate - rate least reliable
Al Jawf,440264,474760.0,477410.0,480060.0,3.786,6.704,17974.0,25078.0,32183.0,5253.0,2.6,9,2,10824.0,7516.0,3220.0,2255.0,national mix (no regional signal),11,5,11,6,3,1,0.3,0.56,0.45,0.3,0,0.4025,8.437210401032115,0.308,12,0.618,10,15.0,30.6,1.8,165,Type mix = national mix (source Table 3 column matches national figures)
Al Madinah Al Munawwarah,1352146,1474790.0,1480901.0,1487012.0,2.736,4.845,40350.0,56198.0,72046.0,3795.0,5.9,5,9,26666.0,17618.0,7632.0,3001.0,balanced,11,3,11,3,1,1,1.34,1.26,1.1,1.19,0,1.2225000000000001,9.522270524041044,0.584,6,0.744,6,33.0,21.2,1.44,645,
Al Qaseem,926490,1012376.0,1016130.0,1019883.0,2.045,3.621,20703.0,28816.0,36930.0,2836.0,3.0,8,11,13460.0,7158.0,2320.0,5233.0,Speech & communication,13,6,13,6,4,2,0.34,0.55,0.28,0.52,0,0.42250000000000004,9.675225852410719,0.344,10,0.486,12,25.0,28.5,2.1,453,
Ar Riyadh,4439210,4854410.0,4876164.0,4897917.0,3.437,6.086,166846.0,232466.0,298087.0,4767.0,24.4,2,6,106609.0,56861.0,32847.0,24711.0,Speech & communication,40,5,40,15,8,2,1.11,1.43,2.2,1.23,0,1.4925000000000002,9.843057661160426,0.951,2,0.882,4,115.0,23.2,1.65,3333,
Aseer,1444688,1578064.0,1583490.0,1588915.0,3.641,6.447,57457.0,79947.0,102437.0,5049.0,8.4,4,4,32642.0,26215.0,8091.0,7155.0,balanced,24,8,24,3,1,2,1.9,0.82,0.67,2.85,0,1.56,9.60774921643981,0.708,4,0.913,3,,24.5,2.44,744,
Eastern Region,2949854,3222482.0,3238066.0,3253650.0,3.506,6.208,112980.0,157484.0,201987.0,4864.0,16.5,3,5,66096.0,53340.0,20441.0,9670.0,balanced,32,10,32,10,5,2,1.12,1.21,1.36,0.77,0,1.115,9.770381856186772,0.731,3,0.794,5,87.0,24.4,1.24,1105,
Hail,527885,575353.0,577833.0,580313.0,2.088,3.697,12013.0,16734.0,21454.0,2896.0,1.8,11,10,5107.0,6528.0,1981.0,2612.0,"Speech & communication, Eyesight",13,3,13,1,0,1,1.19,0.32,0.21,,1,1.1425,9.461909317370253,0.497,8,0.663,9,17.0,27.0,2.25,347,
Jazan,1002779,1095951.0,1099955.0,1103959.0,3.081,5.455,33766.0,46994.0,60221.0,4272.0,4.9,6,7,22571.0,12486.0,6123.0,3055.0,balanced,21,4,21,4,1,1,0.84,0.55,0.93,1.22,0,0.885,9.690669629100723,0.489,9,0.696,7,,21.4,1.99,730,
Makkah Al Mukarramah,4153723,4554564.0,4572561.0,4590558.0,3.785,6.702,172390.0,240024.0,307659.0,5249.0,25.2,1,3,96442.0,78896.0,32955.0,19850.0,balanced,36,15,36,9,5,3,1.9,1.64,1.33,1.58,0,1.6125,10.083435992241174,0.998,1,0.949,2,99.0,20.1,1.37,2600,
Najran,394976,427748.0,429962.0,432177.0,2.898,5.131,12396.0,17286.0,22175.0,4020.0,1.8,10,8,8864.0,4437.0,1506.0,1798.0,"Mobility, Speech & communication",9,2,9,2,1,1,0.62,0.47,0.37,0.72,0,0.5449999999999999,8.857753382484002,0.339,11,0.579,11,,29.4,1.91,146,
Northern Borders,271358,293940.0,295370.0,296801.0,1.339,2.371,3936.0,5486.0,7037.0,1857.0,0.6,12,12,2854.0,1783.0,420.0,338.0,Mobility,8,3,8,4,3,1,0.1,0.17,0.12,0.04,0,0.10750000000000001,8.848827010812288,0.211,13,0.326,13,,36.0,2.24,124,
Tabuk,637601,692763.0,695898.0,699032.0,4.308,7.628,29844.0,41583.0,53322.0,5975.0,4.4,7,1,17481.0,10512.0,5501.0,5123.0,Speech & communication,9,3,9,2,2,0,1.48,1.14,,1.02,1,1.6225,9.143178884600234,0.651,5,0.981,1,,27.4,1.75,282,
